description_id,certification_google_data_analytics,other_au,other_azure,other_b,other_business,other_computer_science,other_data_science,other_i,other_ibm_data_science_certificate,other_informatics,other_marketing,other_power,other_strong,other_table,skill_excel,skill_power_bi,skill_python,skill_r,skill_sql,skill_statistics,skill_tableau,salary,title,description,salary_numeric
0,0.0,1.0,0.0,0.0,0.0,0.0,0.0,0.0,0.0,0.0,0.0,0.0,0.0,1.0,0.0,0.0,1.0,0.0,1.0,1.0,0.0,"$90,000 - $110,000",Data Analyst,Bachelor's degree in Statistics or Mathematics required. Strong skills in SQL and Python. Experience with Tableau preferred.,100000.0
1,0.0,0.0,1.0,0.0,0.0,0.0,1.0,0.0,0.0,0.0,0.0,0.0,0.0,0.0,0.0,1.0,1.0,1.0,0.0,0.0,0.0,"$110,000 - $130,000",Senior Data Analyst,Master's in Data Science or similar field. Must have experience with Power BI and Azure. Python and R are essential.,120000.0
2,0.0,0.0,0.0,0.0,1.0,0.0,0.0,0.0,0.0,0.0,0.0,0.0,0.0,0.0,1.0,0.0,1.0,0.0,0.0,0.0,1.0,"$75,000 - $95,000",Business Data Analyst,Bachelor's degree in Business or related field. Proficiency in Excel and Tableau. Knowledge of Python is a plus.,85000.0
3,1.0,0.0,0.0,0.0,0.0,0.0,0.0,0.0,0.0,0.0,0.0,0.0,1.0,0.0,1.0,0.0,0.0,0.0,1.0,0.0,0.0,"$85,000 - $100,000",Data Analyst,Google Data Analytics certification preferred. Strong Excel and SQL required. Bachelor's degree desired.,92500.0
4,0.0,0.0,0.0,0.0,0.0,0.0,0.0,0.0,0.0,0.0,0.0,0.0,0.0,0.0,1.0,1.0,1.0,0.0,0.0,0.0,0.0,"$65,000 - $80,000",Junior Data Analyst,"Bachelor’s degree or certification in analytics. Experience with Python, Excel, and Power BI.",72500.0
5,0.0,0.0,0.0,0.0,0.0,1.0,0.0,0.0,1.0,0.0,0.0,0.0,0.0,0.0,0.0,0.0,1.0,0.0,1.0,0.0,0.0,"$95,000 - $115,000",Data Analyst,"IBM Data Science Certificate, Bachelor's in Computer Science, strong skills in SQL, Python, and statistics.",105000.0
6,0.0,0.0,0.0,1.0,0.0,0.0,0.0,1.0,0.0,0.0,1.0,1.0,0.0,0.0,0.0,0.0,0.0,0.0,0.0,0.0,1.0,"$70,000 - $90,000",Marketing Data Analyst,Bachelor's degree in Marketing or Statistics. Familiarity with data visualization tools like Tableau and Power BI.,80000.0
7,0.0,0.0,0.0,0.0,0.0,0.0,0.0,0.0,0.0,1.0,0.0,0.0,0.0,1.0,1.0,0.0,1.0,0.0,1.0,0.0,0.0,"$105,000 - $125,000",Healthcare Data Analyst,"Master's degree in Health Informatics. Required skills: Python, SQL, Excel. Preferred: R, Tableau.",115000.0
3,1.7283818257146426,-0.4564180533719023,0.9639986016545004,1.711086852596575,1.353964679792537,-0.6208417207591803,-0.913175009002934,0.7298431432240201,1.1328483745118234,0.8714479606586611,2.6930000722212024,-1.5830827433323813,-0.754622408689994,0.8598347626434333,0.4556378544178426,-0.9218958872930452,0.3077283872534416,-0.3335903995915914,0.9632397980942184,-0.4914712233348954,-0.0246508870561668,"$85,000 - $100,000",Data Analyst,Google Data Analytics certification preferred. Strong Excel and SQL required. Bachelor's degree desired.,92500.76452515696
2,1.5708196062473403,0.6060774566304129,0.1383830432963424,0.3343721758104467,2.51259718714702,-0.4587457668812565,-1.0048102416641873,1.2632512881789213,0.5813294931326012,-1.1089043204871183,-0.0865198539198143,0.5446535862450493,-1.885692975703212,-0.995956547978604,1.3458945943517155,0.8747051752005264,2.686086443035279,-0.7396515457625659,0.2018154387105463,-0.785833894800748,1.067983768188783,"$75,000 - $95,000",Business Data Analyst,Bachelor's degree in Business or related field. Proficiency in Excel and Tableau. Knowledge of Python is a plus.,85000.66595605762
6,-1.2466535869150868,0.0976171341370137,0.4221070792715912,1.4696433298743274,1.60624582465196,-0.7009320315286411,-1.2174780550470663,0.1605730522469263,-0.0232889301705905,1.133819731767134,1.389288868031761,1.4911087916116237,0.0617004446382681,-1.0750534273068006,-0.8167659822807728,-0.1651953230096191,2.260571289806302,0.3366310502224621,-0.9599259402787867,-0.1358999508612408,0.8889939655921483,"$70,000 - $90,000",Marketing Data Analyst,Bachelor's degree in Marketing or Statistics. Familiarity with data visualization tools like Tableau and Power BI.,79998.43163684456
7,-1.5305438166055627,0.4868832819359702,0.8476633782246996,1.0761553222648883,-0.6766873605200932,0.3063591675426261,-0.0264546004709719,-0.1997290030671481,1.9482653024347203,1.0754094194269443,-0.4558259655118045,0.2642984251583143,1.169378104938506,0.5942761171152466,1.8529164674019476,1.206518052644158,0.2555788306512701,0.9784467177542036,0.7162536559806016,0.8767800611045956,-0.7431421474721545,"$105,000 - $125,000",Healthcare Data Analyst,"Master's degree in Health Informatics. Required skills: Python, SQL, Excel. Preferred: R, Tableau.",115000.33822340916
0,-0.6744192325857534,1.7776122601518876,-0.183947766535525,-0.0671087004808846,0.9097893701221864,-0.0166234129910964,-0.0913514847555869,-1.7585988604072136,-1.836029093962457,-1.860276259563948,-1.1661028856041808,0.0002702283782724,-0.3438933465913734,1.7819786596021183,1.09577764507704,0.5032160482354157,0.9315326878963768,0.7007820676545197,0.2075268248333477,1.2264405145369333,-0.8196826764101303,"$90,000 - $110,000",Data Analyst,Bachelor's degree in Statistics or Mathematics required. Strong skills in SQL and Python. Experience with Tableau preferred.,100001.09960404508
2,0.3823897861102859,0.6674036540333814,1.877424762014236,1.5074373380943629,1.0861657517279075,-0.8766688190736094,0.0286685854038796,0.9739887856410372,1.2678204669365472,-0.2857949915464218,-0.6576656416018952,1.41326335101644,1.805341468779106,0.7677622721930275,1.2287828952369917,-0.5607212496924491,1.019410911471526,-0.9324447725894434,-1.0329012279167218,-1.1975494844493213,-0.4264554564843545,"$75,000 - $95,000",Business Data Analyst,Bachelor's degree in Business or related field. Proficiency in Excel and Tableau. Knowledge of Python is a plus.,85000.07594045157
1,1.4351567706854451,-0.9898684516091152,0.7591031454475496,0.062268206256835,-1.0779969008630963,-0.9792951632236324,-0.6196828133404149,-0.3480263364921256,-0.902861320246347,-1.1758109069751332,-1.4382654481638717,-0.0582807200026885,-1.697680610099367,0.628543042206233,-0.4540853228087746,1.834837194459469,2.940358397074981,-0.8816126117250638,1.882991702969019,-1.3964240390647733,0.5486753751535857,"$110,000 - $130,000",Senior Data Analyst,Master's in Data Science or similar field. Must have experience with Power BI and Azure. Python and R are essential.,119999.97442275751
6,-0.3172128909018332,-0.1429673397253804,-0.408660656313769,0.4788410262250163,-2.133769295091146,-0.3845548760026777,0.4453458798667349,0.0889511123094025,2.3445883720531078,-0.0020502832041296,1.1342125712780302,2.51863340714395,1.521862156600266,0.1040251155503909,0.378663643858642,0.1151094974428655,1.27270989779524,-0.7308602245038945,0.4800691773864935,-0.3116082340901669,2.521368270682302,"$70,000 - $90,000",Marketing Data Analyst,Bachelor's degree in Marketing or Statistics. Familiarity with data visualization tools like Tableau and Power BI.,79998.58983457142
6,-0.9451615776518592,-0.3194205579348439,0.5566051009671461,1.8812805478926224,-1.426419365564746,-0.4089324542471055,0.1428148779602476,1.7171835760577248,-1.1392358540291476,1.039908344124748,1.6203362557088157,2.002094258999959,-0.5421613353536977,-1.2068437755538952,1.2230894109482422,-2.5258409817672414,0.5408255166907577,0.4965046837128956,0.157373343051335,-0.0620546582180863,0.8857667424202883,"$70,000 - $90,000",Marketing Data Analyst,Bachelor's degree in Marketing or Statistics. Familiarity with data visualization tools like Tableau and Power BI.,79999.61935575318
1,0.8988316873862886,-1.0818671393889077,3.387285894132356,0.6215625752298309,-0.0035580909289982,0.1114914178684778,-0.2571105374724394,1.6852409249146618,-1.1404932869351,-0.9821473983215784,0.329339096926265,-0.9749230008499872,1.3893658580626826,-0.4669966816190208,0.8250986442720802,0.5450038567362305,-0.0141931842861315,-0.0318077865857164,0.0150979516810548,-1.3015276332400472,1.0191494419017215,"$110,000 - $130,000",Senior Data Analyst,Master's in Data Science or similar field. Must have experience with Power BI and Azure. Python and R are essential.,119999.5319145271
4,1.181951551796183,0.074247672221933,-3.003507219745111,-1.254477239293075,-0.3399194832953675,0.6274796742929302,0.8891172126216257,-2.068889313108257,-0.3981066540766826,-1.3608738321676106,-0.894263681211367,0.4803933446132133,-1.1101416916658982,-0.2581259054610412,-0.042917303638978,2.2067821005300337,1.926168638842557,0.5422104389526156,-0.3766417568753762,-1.236732573329994,1.292896351846978,"$65,000 - $80,000",Junior Data Analyst,"Bachelor’s degree or certification in analytics. Experience with Python, Excel, and Power BI.",72499.76778353813
3,0.6901227568899964,-0.3933094616661663,-0.980564135823782,0.9964118431102216,0.2349779576637806,-0.7336575742995869,0.2698381333935106,1.763191054568158,0.6218628073790454,-2.291235906161692,1.950107238906548,0.530556685757461,1.0215077038369078,1.3619787381340087,1.2372572426327113,-0.9127467842777506,-1.134608221825805,0.596154750887248,1.561393094760707,0.506620779686051,-0.3829017556502163,"$85,000 - $100,000",Data Analyst,Google Data Analytics certification preferred. Strong Excel and SQL required. Bachelor's degree desired.,92499.42997269511
4,0.560808754301089,-1.0464315553860095,0.6280524396030973,-0.3852912448466941,-1.2581838758603323,-0.3907907123808758,-0.2276764095885714,1.8227890930677784,2.924814758876316,1.4804286546856884,0.8787568289875289,-0.4994091845522214,-0.4936492599158731,0.9158768974776124,2.109202058776316,0.2667367536429386,1.4166161775366517,-0.513948174605412,0.6941197364356041,-0.2805596274017494,-1.7857653673233151,"$65,000 - $80,000",Junior Data Analyst,"Bachelor’s degree or certification in analytics. Experience with Python, Excel, and Power BI.",72501.57690798778
4,-1.6688042529072946,0.2381572936306131,-0.0322320689634482,0.3037941740607328,-0.3618145121566418,1.5832345875905487,0.2107649689718849,0.3843749483038595,0.8598249430687571,-0.0115680608424746,0.6232356671014426,-0.8015546600990506,0.7958793777076536,-0.8734523568397737,1.0047477189661496,0.357399092255167,1.1836895517984192,0.179750593834121,-1.5698333482114002,-1.005703286652354,-0.6758475598501129,"$65,000 - $80,000",Junior Data Analyst,"Bachelor’s degree or certification in analytics. Experience with Python, Excel, and Power BI.",72500.24235962438
0,-0.1958971205916879,0.0829095427095685,-0.5042404225330012,-0.012597156446338,1.6349056355712468,1.30243863302558,0.08277888169563,-0.0380466669659921,-1.8710587877250089,-0.3994511652702817,-0.2061751675631712,0.3727300156954489,1.4114098468845917,1.05347914643425,-0.0114119850122465,0.2021742973713234,1.429672378428974,1.2134726571648855,0.1434809927680786,0.5232867050807649,-0.4045782232438903,"$90,000 - $110,000",Data Analyst,Bachelor's degree in Statistics or Mathematics required. Strong skills in SQL and Python. Experience with Tableau preferred.,99998.96847622194
0,0.925095959967021,0.4219686348977883,1.009184712886959,-2.2436295520457223,1.0597834979842686,0.1590848259719112,-0.3354578576602142,0.1387310123296431,-0.83423297014289,0.2234392614392366,0.5419685716953426,0.2752038749114069,-1.0666844284397017,0.8465751377274104,0.5511757961612082,0.8729338580559084,0.9016818766722086,0.2828119129498636,1.490005229219196,1.6732734994156604,-2.083405918555959,"$90,000 - $110,000",Data Analyst,Bachelor's degree in Statistics or Mathematics required. Strong skills in SQL and Python. Experience with Tableau preferred.,99999.07774310642
0,-0.7889127864261792,0.22314697426563,-0.9137047793428746,0.4483918585291449,0.1938168950426078,-0.2223286190462271,0.2933661655044416,0.8637502840032744,-0.4939286227151682,-1.0149176759868626,-0.573968153225968,0.4900099065809117,0.9307672584654128,0.7347036186862221,-0.9921341202839984,-0.5743080547409921,0.513416681474399,0.6130494574849459,1.8114314984831377,-0.2154840212972848,0.559804921350676,"$90,000 - $110,000",Data Analyst,Bachelor's degree in Statistics or Mathematics required. Strong skills in SQL and Python. Experience with Tableau preferred.,100000.14316593263
4,0.6796404404751945,-1.141061901750214,0.1344558408091724,1.179109182246501,-1.5359054421652047,1.3317426573941673,-0.6378802084983228,0.3540953403520951,-0.5192467352396168,-1.116872176146514,-0.1382519435176795,-2.126804101512984,0.4037356369026002,0.0506393679890863,0.5124763064647861,2.207661115598853,0.349886553909988,0.5260451348394509,0.4624248822831481,0.7508340581651216,-1.0989851070235883,"$65,000 - $80,000",Junior Data Analyst,"Bachelor’s degree or certification in analytics. Experience with Python, Excel, and Power BI.",72499.26490358339
2,-0.2729555212788306,-0.559237435905793,1.300576465345739,-0.6807569697475462,1.9982879061698875,-0.509055035458492,0.112007452616527,-0.0109103007538317,1.0612099087058404,-0.6081866807148666,-0.9524477828365407,-0.4442630282751252,0.2296021927749643,-0.5704095599563491,0.0992908083398345,-0.7657619770435986,0.1530835175612822,-0.833640431661589,-0.0701150742323417,1.0137200559214128,0.3165169192456659,"$75,000 - $95,000",Business Data Analyst,Bachelor's degree in Business or related field. Proficiency in Excel and Tableau. Knowledge of Python is a plus.,85001.37524279581
7,2.020425543101392,-1.391140640697465,0.2244759721590171,0.8590451829062953,-1.1775379699718422,0.8158650680688482,1.8221237605960885,0.2332140802094971,0.8147850070797258,0.1871626632863045,-0.6300218043011655,-0.8390723176160054,0.1243859476272467,-0.1111673422462544,-1.406956889975528,-2.44772838666695,2.048108230531664,-0.4429621706920854,0.5314511917546082,0.922508914888076,-1.8910452225489047,"$105,000 - $125,000",Healthcare Data Analyst,"Master's degree in Health Informatics. Required skills: Python, SQL, Excel. Preferred: R, Tableau.",114999.35550698162
5,2.025289429543085,-1.0139283045851784,-0.507220687995545,-0.4844926557772535,-0.7363441509043356,0.2218195860021512,1.4458882198074712,-0.6830763410717079,-0.1039607438333973,-1.3238798966473486,0.647206862915438,0.904714049883946,0.6812910696525756,-0.5271659188194326,0.1266410023238629,0.2078991402488129,1.3761571562622386,1.1795400271867755,1.5669943129193131,-1.4774855774482247,-2.430101764631305,"$95,000 - $115,000",Data Analyst,"IBM Data Science Certificate, Bachelor's in Computer Science, strong skills in SQL, Python, and statistics.",105001.047686234
6,1.919654490920991,-1.0348430288068968,0.6350468310133851,1.0007203610707334,0.8834932073010413,-0.1005695662047477,1.5614307581166798,0.5418958592069876,-0.4291402517540053,0.1305539623204551,-1.8456656021670168,-0.8880563108360415,1.2076093171836322,-1.867956590103988,-0.0141206286837855,-1.2892658195476876,0.104026068503228,-0.5187741953581052,0.4023829673352089,-0.8784558329260919,-2.24930898440471,"$70,000 - $90,000",Marketing Data Analyst,Bachelor's degree in Marketing or Statistics. Familiarity with data visualization tools like Tableau and Power BI.,79998.95501738484
1,0.5236088341323325,-0.6447465394888535,-0.2630522872123795,0.5007302478213977,-1.2691782932281366,-1.9819367437574704,1.2251986859304067,-0.4091491162081062,-0.1259954018200765,-0.7896931143585569,2.655209381062335,0.7387145971385128,-0.6060304043633524,-0.2403035155411821,-1.6598970553654344,0.8992610567930229,1.4604234570268462,0.1460940085364791,-0.3648590003180242,-1.2337087915091678,-0.7446761529828231,"$110,000 - $130,000",Senior Data Analyst,Master's in Data Science or similar field. Must have experience with Power BI and Azure. Python and R are essential.,120001.01203630304
4,0.3295873748839916,0.1366934373644112,-0.0516306685695096,-0.2689742612516845,-0.2257010145159957,0.226261384849865,-0.7947407490163644,-0.0498028361573492,0.3980631236225902,-1.549241412703618,0.0589751262749137,0.627171443567244,2.5812492339773327,0.3670176045550004,0.9266958369635576,-0.6622297791679024,1.049136332560098,0.4537345237644239,-2.189746980618636,-0.0352427182524174,0.4614978252638478,"$65,000 - $80,000",Junior Data Analyst,"Bachelor’s degree or certification in analytics. Experience with Python, Excel, and Power BI.",72500.14594070238
1,1.890524805225318,0.1450843891599711,2.251037410133317,0.7459390321122157,-0.7656453811549996,-1.0022304304009495,0.1072339124688809,-1.192369515042989,1.4618224964543,0.455781377488755,-0.6215881094400699,-2.08802273190634,-0.0947123648588495,-0.3964074190074849,-0.1451987778034988,2.712114764872384,1.2113453525472957,-0.3889475485282494,-0.2330014471092281,-3.025291421198763,-1.0488898072638124,"$110,000 - $130,000",Senior Data Analyst,Master's in Data Science or similar field. Must have experience with Power BI and Azure. Python and R are essential.,119998.12315969796
1,-0.340475074126401,-0.2563776649812264,2.2564927582126337,-0.843141782935882,2.1969972037623435,-0.5227542254492464,0.8945649829043365,-0.4313006826897672,-1.6580438906706416,-0.6595323127544985,0.3440240616516805,0.0860611161927424,-1.074422249143172,-0.1706197361827304,-1.7130863221633237,1.1119483293360364,3.2387098890938586,1.0033768071772986,1.0275052502005793,0.9534332842764128,0.077111442039554,"$110,000 - $130,000",Senior Data Analyst,Master's in Data Science or similar field. Must have experience with Power BI and Azure. Python and R are essential.,119998.30800016296
1,-1.1282044958915314,-0.8414904881039624,0.0120030318104119,-1.894449499779857,-0.6088044423492736,0.2924865725633585,1.2637159624066128,0.3095613864924275,-1.5326805151142509,-1.2425523034833712,1.2185783033430693,-0.2837667219504003,-0.5628473127263531,-0.3877021642950295,0.4483598932082906,-0.8676919103367049,0.7391429507674551,-0.1281556743223655,0.3316438552369845,-0.0440212984033664,1.5629485280880038,"$110,000 - $130,000",Senior Data Analyst,Master's in Data Science or similar field. Must have experience with Power BI and Azure. Python and R are essential.,120002.34110745785
3,2.3815341625728585,-0.9504258011975596,-1.1279803110899038,0.723626999224575,-0.7842668237038538,0.3110287507563394,0.1651894960972557,0.0162681883521213,-0.2285387912193251,0.6270018938189651,-0.1756627074026398,0.0144951220779026,-0.4632641444606364,-0.9497688998118632,2.6197200629339634,-0.2478601769300071,0.6845792900062289,-0.3537177865308478,1.8705879227788824,-0.8410662138617412,0.2319968775427078,"$85,000 - $100,000",Data Analyst,Google Data Analytics certification preferred. Strong Excel and SQL required. Bachelor's degree desired.,92498.96791673102
4,0.4082699799141503,-0.9583289811423054,-1.2951019490764692,-0.6087790999467393,0.6333859082232801,0.8658881990499872,-1.2643934722331998,1.3576342212646408,0.7277798945760002,0.6387077723605261,1.5788726319041415,-0.4510000919628762,0.1112954508532205,-0.3231393331094666,1.127220293585612,0.8724494943136221,1.6125998922984963,-0.2449515933253933,0.1057430475825334,0.1069245537130011,-1.6203516400961018,"$65,000 - $80,000",Junior Data Analyst,"Bachelor’s degree or certification in analytics. Experience with Python, Excel, and Power BI.",72500.38870437996
1,-0.8424229129090991,-1.0347258457972903,0.0640672219504956,-0.0531322741868215,0.966584518610518,-0.784854312329124,1.3043967468173552,-2.169802599166715,0.2169530496895825,-0.030445862169513,0.3551302711751299,-0.0998023223495881,0.5508250750934411,-0.8401762968334604,-0.9842627321504722,1.2364942885750254,1.626397208362394,0.1772534597712496,0.0504301188225064,0.7986544657314399,-0.097266858736179,"$110,000 - $130,000",Senior Data Analyst,Master's in Data Science or similar field. Must have experience with Power BI and Azure. Python and R are essential.,119999.74677107822
0,-1.0286231867445343,3.1098910763185343,0.0551844181699937,-0.8689517708122464,0.6546856036948999,1.593508973200214,0.1805856497211212,1.4361514037617458,-0.6036287638195195,-1.225697469473724,1.1907162042823052,0.04571119657001,-0.3108376707481587,2.436604766307596,0.9010770363197452,0.3899633271020077,-0.957291455153218,-0.4548298649871866,1.073198771318046,2.155067761986869,-0.0897125490372968,"$90,000 - $110,000",Data Analyst,Bachelor's degree in Statistics or Mathematics required. Strong skills in SQL and Python. Experience with Tableau preferred.,99998.58880400837
1,0.527027540010482,-0.141367933505523,1.1055654349186048,-0.8168821799613494,-0.3963942370350646,1.2301037912076376,-0.7993838951529664,-1.2493813012276085,0.0438565546351335,-0.0397801426550013,-0.7960958215390525,-0.550263218851909,-0.9758213299741738,-0.2320375603999662,0.7840622092332256,1.9406743088085183,1.2077923229841696,-0.4473797679833693,-0.6458417505333209,-1.0639105897009384,0.781483129896657,"$110,000 - $130,000",Senior Data Analyst,Master's in Data Science or similar field. Must have experience with Power BI and Azure. Python and R are essential.,120002.49296941896
2,-0.7814527219846062,0.8382148957532085,0.1343519156938097,1.2501383855782613,1.392459632964979,-0.8273417860272969,-2.104330006123897,1.260878400541727,-0.8518015160419988,0.9697050721382804,-0.8278007194585653,-1.326563399340813,0.0979294386855253,-1.3908723629603117,1.8340295266388105,-1.0331825058833946,-0.2744734198788916,1.6554214798424578,-0.8879661012157867,1.9868343756307012,1.1098738263989456,"$75,000 - $95,000",Business Data Analyst,Bachelor's degree in Business or related field. Proficiency in Excel and Tableau. Knowledge of Python is a plus.,84999.67647860477
4,-1.6825479526720353,-0.3885146389731109,-2.1600649957238933,-0.1458149078919448,1.6905488612628483,-2.431670807980628,-0.1779659549357145,0.2776494470148936,-0.5161562852035311,-0.9307183523597622,-0.3435854446714611,0.9125925227091845,-0.7721487422357017,0.933182544023066,1.6895712531409282,1.0645290993440115,1.9527604247842103,0.739972455141022,1.826280570478323,0.5105596263102768,-0.4975688295279954,"$65,000 - $80,000",Junior Data Analyst,"Bachelor’s degree or certification in analytics. Experience with Python, Excel, and Power BI.",72500.08392992815
4,-0.0590932170608313,-1.345643466203161,0.1667287612015858,-0.7581003585981682,0.2861853305592735,-0.2790081702184063,-0.7476972091984155,-0.3803371751891784,-1.3190012736609575,0.932733950112099,-0.6348221320089272,-2.706145693406831,0.0149689381714596,0.5170138876877857,2.2581098056018143,0.2956177343870872,1.592337739823186,-0.1664454900678159,-0.741997338898874,-0.8587676488767069,0.6950172173602833,"$65,000 - $80,000",Junior Data Analyst,"Bachelor’s degree or certification in analytics. Experience with Python, Excel, and Power BI.",72501.10882068076
4,0.2409368103549151,0.4729175691579085,2.63135208731581,0.2115293258413357,0.2427874674904431,0.8753872280281012,1.1942174357083837,-1.4575014105730535,-0.428098784238474,-0.7169325406534143,0.4240098094793285,-0.2529338571130229,-1.1437725741813412,1.0238912978828805,1.4449744347233398,0.3748504431151082,0.8781514659228203,0.0615970922819211,0.5427098062258401,0.8987983276232391,-0.6608661465787546,"$65,000 - $80,000",Junior Data Analyst,"Bachelor’s degree or certification in analytics. Experience with Python, Excel, and Power BI.",72501.01886876405
7,0.093824579854346,-0.9286851673187922,1.2888541047210602,0.4083218083125681,-0.8062956787737888,-0.2990364005724279,0.512796918977333,-0.1087362612392373,0.5661818428013046,-0.205269226166219,1.3578726698826171,0.8878780437280884,-0.2043812459036883,1.076699921291137,0.7077735502909506,-0.229456939974158,1.6544991593219889,0.0980656804549636,2.21325402856516,-0.276649592703701,-0.5831277123102221,"$105,000 - $125,000",Healthcare Data Analyst,"Master's degree in Health Informatics. Required skills: Python, SQL, Excel. Preferred: R, Tableau.",114999.04071052022
1,-1.6513576468460718,0.929253617122003,0.8403673879566143,-0.7227446631734835,1.976352717611108,1.9616361735428471,1.1267269676599214,-0.3263890650264998,1.4775655359199948,-0.4011236498622218,-0.1795617780867062,-0.4978967570932059,-0.391700692029386,-1.0410716319483109,0.8504140719035816,0.6548399297295082,1.4642050616233302,0.3958856424660371,2.7449940185762527,1.341152258278996,0.2662187283886962,"$110,000 - $130,000",Senior Data Analyst,Master's in Data Science or similar field. Must have experience with Power BI and Azure. Python and R are essential.,120000.77900236969
3,-0.8802511054272713,-0.5990580523568795,-0.0985541938639682,-0.3822836060222892,0.583372241149639,-0.625381027090372,-0.0452427243899614,-0.9207186114081924,0.804151860015088,1.1620176705225709,0.7985574606657708,0.3367898933560203,0.893642628554143,-0.7429728928713384,2.100078761220602,-0.8023804583860067,0.5321157551635172,-1.855875156420595,3.585184026979729,-0.1459636377840814,0.2126934266101524,"$85,000 - $100,000",Data Analyst,Google Data Analytics certification preferred. Strong Excel and SQL required. Bachelor's degree desired.,92498.0629574836
7,-0.3715699938311756,0.7477086100239032,-0.0737611073041456,-0.1365484812017205,0.0343807104163443,0.3047315629071004,0.5627148129672037,0.0252207684921812,0.6575408119667409,1.1998405839326771,-0.4008567106806265,-1.1072296775553414,-0.8542401763486216,-0.0695242001056213,2.2674809232789435,-0.2169168474637048,2.28572975229185,1.0316254406714669,0.0435129950426453,0.6359494230674286,-2.4639022286805643,"$105,000 - $125,000",Healthcare Data Analyst,"Master's degree in Health Informatics. Required skills: Python, SQL, Excel. Preferred: R, Tableau.",114999.8616430512
7,-0.1470073686562921,-0.920543726164534,0.6022248622628645,1.7084931074284226,-0.439361755749055,1.2474532722990446,-0.1901081864173648,-1.8239022297945229,0.1147474187189672,0.7920488694374516,0.9559428465066546,0.9566822910572648,1.2366088802595272,1.830065892389586,1.0832653827373366,1.5134958528937756,0.4192650876998296,0.0641927115246107,0.6710180263036538,0.1696782515439784,-0.24043909141431,"$105,000 - $125,000",Healthcare Data Analyst,"Master's degree in Health Informatics. Required skills: Python, SQL, Excel. Preferred: R, Tableau.",115000.53891486446
5,-0.9481448779548453,2.212792536127403,-0.0512267972770477,-0.9787190704151202,0.8055487666840027,1.140032565980006,1.2084155110426655,-0.0397933830599322,1.1181792593077748,-0.8521878972075544,-0.2836443854955943,-0.1345700775691291,1.6603052676808034,0.2222266142192828,0.1921094357232543,-1.5749887520161578,2.489638611679577,0.0554142023429555,3.1306651631102023,1.1431961473356314,0.7316010347279973,"$95,000 - $115,000",Data Analyst,"IBM Data Science Certificate, Bachelor's in Computer Science, strong skills in SQL, Python, and statistics.",105000.37730356053
5,-1.586506983078777,-1.462607216599477,-0.723636074729826,-0.5239349617519908,-1.4788110991115422,2.3671151904486907,-2.2384991154220244,1.026365031781615,-0.3547202236852453,-0.3399253384495343,-1.228162905539027,1.417811495037818,-0.7763090067744172,-0.6231099948399801,1.2414294532886252,0.1774824001734896,1.7944488361400932,0.852371481663493,0.020548295995979,1.5123568815878354,-0.3977486583481268,"$95,000 - $115,000",Data Analyst,"IBM Data Science Certificate, Bachelor's in Computer Science, strong skills in SQL, Python, and statistics.",105001.06858825708
4,-1.2010468526731088,0.0939311825647781,1.9463768795560004,-0.3879957185661861,-0.3246240639781585,-0.0751868658879977,0.6583916154773851,0.1462388901698559,-0.6879010977581103,-0.268894711131923,0.4855920806516459,-0.1079146353698179,0.3222473045060705,1.7053309565695527,1.351207713177391,0.5446944565044154,1.0707645431794148,-1.842737819291599,-1.3798196489872063,0.4198071517920263,-1.3503767128460078,"$65,000 - $80,000",Junior Data Analyst,"Bachelor’s degree or certification in analytics. Experience with Python, Excel, and Power BI.",72500.8036438254
5,-0.5978302066250261,-0.735818059797183,0.8816388636427499,-0.5480572229226913,-0.0317109320856602,1.5001606546863195,-1.9085150107356503,-0.4205172583249663,2.2787213690123718,0.4505775066723442,-1.559697424732101,0.5781947276569401,1.564115282603762,-0.6492681904149158,-1.0436198492112911,1.9515906811646304,1.6868171321790268,-0.8047730884085865,0.579610696967295,0.4427777599949908,2.652404255669005,"$95,000 - $115,000",Data Analyst,"IBM Data Science Certificate, Bachelor's in Computer Science, strong skills in SQL, Python, and statistics.",105000.75681155604
5,0.6330960057471062,1.2171497903579205,2.059551836547286,-1.2039132075086376,-0.4645477719949276,2.2489612065451148,-1.2161929295912266,-0.175524372527217,3.194708446869712,-0.7659334246149164,-0.5253582179536911,0.8771115857298174,0.0869421265969624,0.4629071759628131,0.2152419634447204,-0.6759200307516007,1.15050493324462,-0.1344099763740011,0.3678548155299824,-1.0743367324722803,1.1869012628556057,"$95,000 - $115,000",Data Analyst,"IBM Data Science Certificate, Bachelor's in Computer Science, strong skills in SQL, Python, and statistics.",105000.19862399444
0,-0.2782770999035524,-0.0913674443191903,-0.0780740682907322,-0.492987362187319,-0.1180846286363475,-1.30749954295087,0.6642338802238433,-1.0828321402590952,0.5599087761603497,-0.1919656101257038,-0.3604980730320931,0.3840207383996889,-0.6564416774869868,1.784198828537764,0.2707419723508435,-0.665166794018773,-0.5436689863241138,-0.6275651790684752,2.422944562999056,-0.8133005420003627,-0.6059467952115649,"$90,000 - $110,000",Data Analyst,Bachelor's degree in Statistics or Mathematics required. Strong skills in SQL and Python. Experience with Tableau preferred.,100000.49773176535
3,0.9975208049978874,-0.4369486745520832,-0.7387145717519285,0.0163709353978705,0.0809592100072618,-1.0224106517033318,0.105818140914322,-0.1663613322584867,-0.8501563838159983,-1.7405233532688824,-1.1587668152502306,-0.4499198759979114,1.2122652141365768,-1.7153816382017135,0.9333369920336368,-1.5509638394702634,-1.5971804587296192,-0.8155555544980578,0.5590231271161671,0.103839865252657,-1.2115920843005863,"$85,000 - $100,000",Data Analyst,Google Data Analytics certification preferred. Strong Excel and SQL required. Bachelor's degree desired.,92498.6767893768
7,-1.0568479825604038,-0.0823639618555329,-0.3213245106165783,-0.834622407493638,0.874393685665337,0.5574698006013645,-0.8642124261272611,-0.9420588117659996,1.4750108516146647,-0.1716964435787227,-1.2856809867564678,-0.3443431611822165,-3.423902373246026,-0.2952358495653997,1.6187809888581697,-0.7293503278425533,0.2805501066422985,0.3153288010311458,1.7629315864891282,0.5084291076685175,0.2672825774559069,"$105,000 - $125,000",Healthcare Data Analyst,"Master's degree in Health Informatics. Required skills: Python, SQL, Excel. Preferred: R, Tableau.",114999.10671263482
2,1.899200296712719,2.604985737257841,2.2919391444229595,0.3757706883061573,0.3667640620275955,0.0326728475665136,-0.8903993572238482,-0.8435791248083367,0.9841615518374766,0.4603644246775478,0.8124075131885291,1.1368863030985017,0.4517384451162866,-1.1652399241879268,1.249165083980533,-1.4415621306529929,1.5534776060257487,0.3679392188500752,0.5713181211794136,-0.6781463553626129,1.7181629943359358,"$75,000 - $95,000",Business Data Analyst,Bachelor's degree in Business or related field. Proficiency in Excel and Tableau. Knowledge of Python is a plus.,85000.08474392754
1,0.2731449966987779,-1.112474505234529,0.9946970521112452,-0.0737648041164506,2.591913648224829,-0.2068459204774393,2.1295747423855085,-0.8745920139511336,0.5671211896557484,-1.6035989964107404,-0.4625033824654405,-0.5981690348672476,-0.0817052717199124,-1.7041880262832207,-0.3638476634935562,1.6570786887663145,0.4263463812689647,-0.4485997411438931,0.4501371539054273,-0.3914541276182994,0.4070324355622624,"$110,000 - $130,000",Senior Data Analyst,Master's in Data Science or similar field. Must have experience with Power BI and Azure. Python and R are essential.,119998.51664319524
6,-0.327363092550908,3.1216937591304927,-0.533387901578813,-0.4491892571222837,0.8755315412549715,-0.1244643271616869,-0.6960677227558347,0.3777656633234079,-0.8641153185330028,1.1331301664362892,2.607589979006289,2.2883250511680604,-0.5905335959613862,1.1309058072020914,-0.9663898813872024,0.746568699280797,1.6063785925389815,0.0022124789795844,0.177190319548778,1.1300154102914028,2.010757267582739,"$70,000 - $90,000",Marketing Data Analyst,Bachelor's degree in Marketing or Statistics. Familiarity with data visualization tools like Tableau and Power BI.,79998.66563027717
7,-0.8799589278936428,1.3423169360644085,-0.0004774003450871,0.0102257245496247,-0.0892406699788467,-0.2896243992761028,-1.3549142670254393,-1.5456023421889935,1.342984015885846,3.1318170843190303,-1.568071727496826,-0.5158405150712773,-1.1829282821450005,-0.6229108102994236,1.4660302738356108,-2.377860000113173,2.068373124039309,1.3793350356640806,1.9277118806639617,0.7453733197213109,0.5393190920775695,"$105,000 - $125,000",Healthcare Data Analyst,"Master's degree in Health Informatics. Required skills: Python, SQL, Excel. Preferred: R, Tableau.",114999.76867871774
7,0.0827724794153497,-0.2649393000725299,0.2059712763569021,2.042510127290444,-0.8367528202253444,-0.8100268992905838,0.6538541163661991,0.2084170331249229,0.7239167109691006,1.5125974994229985,-0.2414975097166277,1.7632785546345149,-0.2667133139450082,-0.0920325633348293,0.3535804179695313,-1.4328498730319172,1.2983051339211016,-1.2851435071853772,1.0677457584476169,-1.286327817459568,-0.621919267945204,"$105,000 - $125,000",Healthcare Data Analyst,"Master's degree in Health Informatics. Required skills: Python, SQL, Excel. Preferred: R, Tableau.",115001.38803214878
1,-2.3522974018385496,1.0270146752609246,1.0690520948030908,1.435687142358593,-0.3366115800630842,0.3526218270390053,0.6845978921337754,0.4956543505278354,-0.8677968415334456,-0.6808803733331379,0.1512640078813301,2.524122476183383,0.6713899074718896,0.5481524193150775,0.7395294798583779,1.259021237162563,0.448551499614039,0.7545717403550213,0.2372827956202702,-0.6045145419758557,1.1366509081865903,"$110,000 - $130,000",Senior Data Analyst,Master's in Data Science or similar field. Must have experience with Power BI and Azure. Python and R are essential.,119999.83441055496
0,-0.5554362386469421,0.934806085969587,0.4475425007247656,0.4375213169843409,0.3625053164878116,-0.4665559131869941,-0.9753362707543908,0.1958601281785609,2.056028800085805,-0.8427745804560264,-0.1350913631552441,1.179557566150556,-0.5803179721620525,0.875774642086657,-1.292157894388014,-0.3848209042837012,2.5413324063910414,-0.4715421446377662,-0.1282592720611182,1.384626068808752,-1.7014375852848551,"$90,000 - $110,000",Data Analyst,Bachelor's degree in Statistics or Mathematics required. Strong skills in SQL and Python. Experience with Tableau preferred.,99999.79170700804
4,-1.538918145981219,0.2360672267439217,-0.3364049204293122,0.7694806945422996,0.2179777910389852,1.355617427233044,0.4619825711520284,1.0245363567386905,0.7461736821491167,0.1848764226614966,-1.2961842564018842,0.6465632483442745,1.5540011668210352,-0.5325213229212584,1.1394018570798672,1.436277801303586,-0.2885649936111689,-0.6681492751970899,0.949778307028184,0.1765611537973522,-1.992537438428972,"$65,000 - $80,000",Junior Data Analyst,"Bachelor’s degree or certification in analytics. Experience with Python, Excel, and Power BI.",72501.38977639031
4,1.03151283900561,0.3601289536350737,-0.4996318165031987,-0.8708538106134309,0.7559170746475791,0.4631007960193312,-0.8528238413567536,-0.3857605042970117,1.4097616744374286,-0.0265195970897247,1.140045877095043,0.0131078442538426,1.4235239963028463,-1.357320346569449,-0.8245311419693628,2.375332494091867,0.282087598448375,0.4329152694351766,-1.7317014904247758,-1.839198545558845,-0.1441593933489225,"$65,000 - $80,000",Junior Data Analyst,"Bachelor’s degree or certification in analytics. Experience with Python, Excel, and Power BI.",72500.8876254427
4,0.0932701704628173,0.3876637063055242,-0.912327119204219,1.2198300780974605,1.1534844607029262,-1.372773578550627,1.4335451984357228,-0.1602128754454639,2.081179593196368,-0.9601405846339632,1.2465607794437108,1.124606689943689,-0.038532444562081,1.2652437542469024,0.5972407052456399,0.5163043612647038,0.6702051481606793,-0.5569650995169755,0.4268235887084199,-1.298377843346313,1.1790310098121566,"$65,000 - $80,000",Junior Data Analyst,"Bachelor’s degree or certification in analytics. Experience with Python, Excel, and Power BI.",72500.52732990214
1,1.3773424992500252,-0.2245152765052047,2.047375666257076,0.0240877970278714,0.6196724738251814,0.0855951493613261,2.603104373559094,-0.5645556805693891,-0.3033337299943197,1.45227517629854,-0.2073602562768907,-0.1925897208848232,-1.1770727291111065,-0.2716694781728926,0.5515914758015904,0.659858418026564,1.9244303698626,0.5847294099241824,1.307850614035236,-1.38960934495185,0.1286976226962234,"$110,000 - $130,000",Senior Data Analyst,Master's in Data Science or similar field. Must have experience with Power BI and Azure. Python and R are essential.,120000.78638941117
2,-1.317553907901703,-1.5641445241359155,0.3713252360666061,1.5991589548747829,0.4949327077981876,-1.1630841409254216,1.0274765514494055,-0.6403455596866666,0.1416256294645648,1.9530427599682103,-0.1810656346629913,0.5093230414729144,-1.4863256875275048,-0.5517409780768134,0.6718972778748173,-0.1760386474496246,2.619449913384746,-1.0052564079169624,-1.1539593705907731,1.237980543898871,0.3842812927256183,"$75,000 - $95,000",Business Data Analyst,Bachelor's degree in Business or related field. Proficiency in Excel and Tableau. Knowledge of Python is a plus.,85001.11572455562
0,1.504898305027916,1.985230008436828,-1.508441144713118,-0.1842091680395213,0.5242660895231748,-0.6663831479040345,0.8014998482182986,-0.1203796799357021,-2.3558211905870388,-0.7858920008931624,0.9839819790802944,0.3986429132619387,0.8800633827438215,1.6227160017107076,0.6454232925358633,-1.5371167821997147,-1.3252654056022446,-0.4353118197842204,0.372601101842304,1.3736172760556695,0.2595542230790022,"$90,000 - $110,000",Data Analyst,Bachelor's degree in Statistics or Mathematics required. Strong skills in SQL and Python. Experience with Tableau preferred.,99999.19019987636
2,1.1125465701450068,0.8963341378127183,-0.7918675226537826,0.0280535876960272,-0.5916065751408184,-1.3414468008313754,0.8258253973469758,-0.6074360147436735,-0.8404662636695321,1.4623475394502412,-0.337212706911812,-1.329639009074756,-0.4855808346507556,0.0423147935307883,2.092419464889949,0.4190024635144593,0.4756928963830534,0.3269969401032752,-0.3473244293138972,0.7206428934748699,0.9895095810197316,"$75,000 - $95,000",Business Data Analyst,Bachelor's degree in Business or related field. Proficiency in Excel and Tableau. Knowledge of Python is a plus.,85003.0008496828
1,-0.6260592613270648,-0.2401518257435765,0.693636231487705,0.6761169444327634,-1.08539209009072,1.1150902242505218,1.6825235716415676,-0.1296033342510692,-0.964092435816252,-0.4880596444683667,-0.1932247098161531,-0.3135908384823836,1.7886865946905257,-0.4953968621491684,-0.5591856273187653,1.1594522432714418,0.9118419073435536,2.3074902414483853,-1.1430510385092558,-1.3516381789644447,0.5072883948883173,"$110,000 - $130,000",Senior Data Analyst,Master's in Data Science or similar field. Must have experience with Power BI and Azure. Python and R are essential.,120001.58733104035
6,1.4851335835626436,-1.2905540518131928,1.8073567282013716,1.8681198479500372,0.9135854339399396,-0.5594538454072709,-0.1800279231369498,-0.2484150147103161,-0.9998073635680338,0.3675094533963252,2.553944867944697,0.4729962810938791,-1.0613345834342425,-1.0856279249486005,-0.1940616791127322,0.7807056565617192,-1.0364426985427422,-0.4850673908123412,-0.8188174768355528,-1.541819699779622,-1.6126636334611,"$70,000 - $90,000",Marketing Data Analyst,Bachelor's degree in Marketing or Statistics. Familiarity with data visualization tools like Tableau and Power BI.,79999.36329987827
4,2.8651648199928483,0.8963378954765805,-0.6162256658408769,0.1964087802402339,-0.6665982437235892,0.1220907866292981,0.897295278938765,2.546640025223302,0.6025165146640444,0.6340739809383192,2.6724103721507992,-1.2199006696334684,-0.8964547261549582,0.5849950440222622,1.4855383037620558,1.3806763938320683,0.7596655206630442,1.4090924737363797,0.6567096313341709,-0.3378269403699212,1.5567900021963064,"$65,000 - $80,000",Junior Data Analyst,"Bachelor’s degree or certification in analytics. Experience with Python, Excel, and Power BI.",72498.05312125442
5,-0.1276998669431375,-0.8184475271838265,0.1075742812843094,-1.987072004872093,-0.2860065224013269,-0.1991866385886223,1.699262597319696,0.3906381187848056,1.8286376012675147,-0.3443797677464947,-0.0191217742834058,0.1708649661827181,1.36439216725501,-0.0913231791517178,1.6216934524944324,0.8604313618134363,1.2360172529806412,0.0771125527319352,3.614800897463512,-0.2331346436156711,-0.0361707457286541,"$95,000 - $115,000",Data Analyst,"IBM Data Science Certificate, Bachelor's in Computer Science, strong skills in SQL, Python, and statistics.",104999.16549677787
1,-0.8348110988390659,1.5980661070011724,0.5575260395405034,-0.4383907127595938,-0.7854819867919616,0.0849137685823906,-0.8033985025612831,1.015218094705543,-0.3313819981610557,0.9057521902065908,-0.3558679722786502,-0.4613453162008536,0.0060996962403018,0.3530679883301542,0.8392743938955755,0.7995074465872859,0.3568761527657691,0.4804127190598461,-0.0983173791800729,-0.2665244343065965,-1.4327261264898343,"$110,000 - $130,000",Senior Data Analyst,Master's in Data Science or similar field. Must have experience with Power BI and Azure. Python and R are essential.,120001.85652696664
5,0.942469808611456,-0.7401853232263498,-0.6650171255560414,0.0948640890697695,-1.823485146613514,1.7124612956592218,1.417720432527492,0.4579795443580021,-0.1642530560132402,-1.3348235185791737,-1.0255951005495252,-1.7168890986430754,-0.2789614840095963,-1.14466566773338,-0.5341090703401401,-1.027082805687212,-0.1193990268136497,-0.3502146010786375,-0.2955557075116402,0.5833294454185433,0.392578332199033,"$95,000 - $115,000",Data Analyst,"IBM Data Science Certificate, Bachelor's in Computer Science, strong skills in SQL, Python, and statistics.",105000.43669021064
5,-1.3241901399880456,-0.0019816227471665,1.7238712212520382,0.1542351043985617,0.0663941765742176,0.9051083582397064,-1.374051346744692,-3.301429800437368,0.6018109014144875,-1.0174094526254798,-1.1521657386544115,0.7793645117939877,-1.1706213923210689,-0.1810161788929361,0.7105382010608371,-0.0872888210578195,1.1385725705529932,2.180833251346064,0.4332922199432305,-0.5114746086282338,-0.4520456869385214,"$95,000 - $115,000",Data Analyst,"IBM Data Science Certificate, Bachelor's in Computer Science, strong skills in SQL, Python, and statistics.",105001.18918678674
6,-1.0887893147360417,1.200147567622514,0.6986571137457593,0.5555709710316362,2.0882331371291616,-0.4967186425665929,-1.2334472318453849,0.901743643112443,0.0645654965734492,1.265978903333895,1.3665533663623015,1.0128789858857803,-0.0802236289466925,-0.0096572990057613,0.0231307115306962,-0.8521697291941961,-1.1857977764286758,-1.456698590415927,-1.0236714151893578,0.4590040713574471,0.0595121145200666,"$70,000 - $90,000",Marketing Data Analyst,Bachelor's degree in Marketing or Statistics. Familiarity with data visualization tools like Tableau and Power BI.,79998.33134952183
1,0.9694775962179744,0.1676771927414205,0.2483035043270992,0.7408765040876001,-0.0934883231632592,-0.1336077908904111,1.3785224259874953,0.2797262193444699,-0.2777593250299952,-0.3175167697992279,0.6719308594803661,0.9283658228682224,0.2361181155412899,-0.064040911885334,-0.5269242447282763,0.4162040122566448,0.6832166726662507,-0.888808667230923,0.1834825729213191,0.2529864406584022,-2.689871021464022,"$110,000 - $130,000",Senior Data Analyst,Master's in Data Science or similar field. Must have experience with Power BI and Azure. Python and R are essential.,119999.98319733576
6,-0.8081334589006073,0.2906564938357054,0.1264490379732941,1.0790783800371757,1.511872275317124,0.1067348989763696,-0.036361775381744,1.7805548060532883,0.3561031746663834,-1.6364353321948877,1.7464776798431911,2.058706922311228,0.6085561924669495,-1.642849551639751,-1.4602996220177773,0.2576056526493084,0.1986755814080008,1.6088170899147252,0.5887511498476737,-1.504093819548645,2.028240046268212,"$70,000 - $90,000",Marketing Data Analyst,Bachelor's degree in Marketing or Statistics. Familiarity with data visualization tools like Tableau and Power BI.,80001.39550326961
4,-0.474015192422661,-1.1411655200076092,0.4137908977269832,-1.1448998271860191,-0.9535949023548248,-0.9949815366861092,1.3806543471138524,0.0304020784428031,0.2577258573528357,-1.286968856324312,-0.6073720784697954,0.4304629976074385,0.3061602948404323,1.6056614834973326,2.4692938647500764,1.2350494043638107,0.9163404421012802,-2.3629623289670354,1.2515447611702069,0.3059563593848703,0.3967836065554581,"$65,000 - $80,000",Junior Data Analyst,"Bachelor’s degree or certification in analytics. Experience with Python, Excel, and Power BI.",72500.84732571468
1,0.4914432002618265,-0.106194550951919,2.6035247313911585,-1.2114527241760804,0.3881277784694148,-0.781484149207132,1.6755763594991344,-0.2683965390597176,1.936670366674746,-0.9113246591831544,-0.3145532778428613,1.5488230897183994,-0.6352886568422627,0.7363970608579405,-0.0472278740009396,0.7550808596925341,2.74766313423107,2.6902092135576288,0.0956394574551678,0.7391375715889292,0.6012066394710137,"$110,000 - $130,000",Senior Data Analyst,Master's in Data Science or similar field. Must have experience with Power BI and Azure. Python and R are essential.,119998.8730751442
3,-0.7280913666924138,0.1151474897630065,1.2884431435186514,0.120035042392045,-0.7922518561873138,-2.0979729137284298,0.7534955787838903,0.6793644420473206,-1.2844509813336469,-0.3400916422763735,-0.2946066312089111,0.2300139723242052,0.673844121278097,-0.3714006972501843,1.3364671959192036,-1.0648301319762508,-0.3156607070226621,0.1404097902185454,0.6985645954995883,-3.334884502948619,0.0649309748226076,"$85,000 - $100,000",Data Analyst,Google Data Analytics certification preferred. Strong Excel and SQL required. Bachelor's degree desired.,92501.57761640425
6,-0.5937014846725484,1.557471762865558,1.768146147489393,1.710109773937362,-0.7237582917230044,-0.0281131240372354,0.178857304753335,2.119126848343135,-0.1611040230503337,-0.2174903578594988,0.6582676196121346,1.970267693509821,0.032771890288151,0.970530617008026,-1.029991814296719,1.0449432016984588,-0.2826335923731913,-0.2316640904993036,-0.6392963740896348,0.3708565034420071,0.1043726780497398,"$70,000 - $90,000",Marketing Data Analyst,Bachelor's degree in Marketing or Statistics. Familiarity with data visualization tools like Tableau and Power BI.,79999.17352157243
5,1.0915496517671996,1.2038714651388869,-0.4056396339376406,-0.7532988134292733,1.156580362902772,1.37066219020682,0.8793208368438846,-0.5477903165925269,2.225226437903108,0.6572294211959215,0.2946286548180163,-0.2579991358842602,0.1096699144771154,-0.8724261782357529,-1.883858329749666,0.3984800553196278,0.0891108972901848,0.86060750744989,0.8834411650586885,-0.8865528881912264,-1.0410089238965587,"$95,000 - $115,000",Data Analyst,"IBM Data Science Certificate, Bachelor's in Computer Science, strong skills in SQL, Python, and statistics.",104999.51403597216
0,1.545885439150162,1.414148250747107,-0.5329846356553773,0.8617961139514296,-0.4123201942428364,0.5219025277269694,-0.5290947552879717,-0.8864217290857309,0.04544683936707,2.134878005163034,-0.9809415084402684,-1.3698118584610934,0.0305926778492104,1.385349440737793,-0.7383619360368932,-0.8507487400624888,1.4864101651560293,0.3148591263524147,0.198086942857275,1.795506660095144,-0.6908685465551759,"$90,000 - $110,000",Data Analyst,Bachelor's degree in Statistics or Mathematics required. Strong skills in SQL and Python. Experience with Tableau preferred.,100000.64098039478
7,1.643690201975137,1.3545949413907716,-1.527871817077554,-1.0352673771236942,0.223117506510038,-0.018944995109698,0.260241959645177,-1.1644417511295138,-0.7022343332748039,0.4429347039345332,0.6382515436359775,0.7579192326444953,-0.3521898859457285,0.4403226427990825,1.2311763092417811,1.3807347405654768,0.6591313874743243,-0.0378438128093108,-0.0457618970676101,0.1620536241584183,-1.7446255029744275,"$105,000 - $125,000",Healthcare Data Analyst,"Master's degree in Health Informatics. Required skills: Python, SQL, Excel. Preferred: R, Tableau.",114999.86112320732
6,-0.7143764417000975,-0.9401153583538108,-0.6201749224305183,0.4517456406265218,-0.4138797236813911,-0.3559409607268077,-0.4380033350885317,2.4643404476733384,1.6356445180546633,-1.5432327775961563,1.949060686969783,2.07288948010504,-2.071850672859609,-2.130263487673893,0.6824959054879559,-0.3108035738463388,-0.4925170617473516,-2.6127757529955598,-0.6388120853437352,0.0372587836437766,0.2960917871403721,"$70,000 - $90,000",Marketing Data Analyst,Bachelor's degree in Marketing or Statistics. Familiarity with data visualization tools like Tableau and Power BI.,79999.08591782313
3,-0.5884854492575775,0.3288590512217854,-0.8329485330667866,-0.5161847474228184,0.4597382953752992,1.4219095766368066,0.1071991723564839,1.245087931990683,0.2677721848929655,-0.0143356456749346,-1.4469684574322013,0.3490278178811358,0.8944498368859957,-1.3555905922763256,-0.27146223997488,-0.2890714010322063,-1.081618974805371,1.036380625665758,0.8873920511526754,1.3753747006415562,-0.4282083601532421,"$85,000 - $100,000",Data Analyst,Google Data Analytics certification preferred. Strong Excel and SQL required. Bachelor's degree desired.,92500.90332195106
4,-0.5413127924577151,1.2682599938694803,-2.1972887874003693,-0.2486742375624952,0.4519953240416443,-0.6281771989707552,1.1768197985665905,-0.2642653345092775,-0.8529929804451039,-1.297346461109019,-0.2770482515603088,-1.1906461107984454,0.9231632945111148,-0.854941758490253,0.7461825563536706,1.5116267372779304,1.197859543934616,-1.0850844681958467,-0.2815459515017522,1.243485501259339,-0.6593251639215968,"$65,000 - $80,000",Junior Data Analyst,"Bachelor’s degree or certification in analytics. Experience with Python, Excel, and Power BI.",72499.71071768152
6,1.7229383000763048,-1.0816201454018133,-0.175849396218112,1.0625515452686094,-0.4538925474913009,1.2459961914198634,-2.494663031722531,1.549644450693967,-0.3529608028410321,-0.8354561652840856,0.8316486330936668,0.2708018251652579,-0.6491234117783984,-1.0751697236331537,-0.7786103026906327,-0.4117675912794785,1.0868267163160004,0.598374800962454,0.4516371300376791,0.1379810950447269,1.983930461908285,"$70,000 - $90,000",Marketing Data Analyst,Bachelor's degree in Marketing or Statistics. Familiarity with data visualization tools like Tableau and Power BI.,80000.67619450121
4,-1.1004884160812762,-0.4747796739784531,0.1120729969706781,-1.1160492445831376,-0.6775215207180358,0.1872643965747001,-0.3556635159665602,0.0415903292934626,-0.3898410994110556,0.6327151256250708,-0.7783380636243536,-0.0398352587654818,1.5265979580330662,-0.0452893594606984,1.9691638725281249,1.2402212524785856,1.5880277269297742,0.643940735973571,-0.4260611692756844,0.3365445842923642,0.0842669331618731,"$65,000 - $80,000",Junior Data Analyst,"Bachelor’s degree or certification in analytics. Experience with Python, Excel, and Power BI.",72500.01848544301
0,-0.9012586434133112,1.643030147743778,0.8139732719864037,0.0367242163172022,-0.4112497590470422,-0.4117674232712671,0.058850077815903,-0.3094975500530069,0.4003557052898192,2.0719161141759628,0.584856983410256,-0.4901469001882391,0.4085297934489343,1.1519319739617864,-2.548529662594873,-1.4332581154279096,1.8197471982026088,-1.0328727329195977,0.3027115995224919,0.6630653480271268,-1.2636251629956117,"$90,000 - $110,000",Data Analyst,Bachelor's degree in Statistics or Mathematics required. Strong skills in SQL and Python. Experience with Tableau preferred.,99999.59535013585
5,0.8005335497591165,-1.465395360497353,1.2752767986576168,0.0323311696232229,0.9758564796526704,0.9935191092504968,0.3700111069116512,0.8435957103677743,1.3110817545067406,0.4866182702113544,1.155643822210658,0.2296655759110039,-1.055300298379684,-0.937778385267636,-1.5064048045930578,1.9048441299321632,2.8337279473803187,0.4203810560954423,-0.2196550410436983,0.3645346385985514,2.1393362169360945,"$95,000 - $115,000",Data Analyst,"IBM Data Science Certificate, Bachelor's in Computer Science, strong skills in SQL, Python, and statistics.",104999.28990435477
3,2.02616099371633,-0.8322134966025566,-1.204735511322922,0.9375238936399632,0.941287887766547,0.7773273783411857,-0.2428288530698031,-0.2764797929845157,0.6712461525828918,1.2176802511648894,0.421842250207159,0.3183341548775822,1.386781323992338,-0.9515825901973992,1.2112534838801516,-0.2123714439735079,0.961214979158146,0.945868356794,0.2622393331157752,-0.2725301306660366,0.6326386067839234,"$85,000 - $100,000",Data Analyst,Google Data Analytics certification preferred. Strong Excel and SQL required. Bachelor's degree desired.,92500.84890960572
6,-0.7488545087090267,0.9777999355456196,2.72218356797396,1.7932406435307002,-0.0189794761743381,-0.3564733199686192,0.0050834314786439,1.0988736920972115,1.4971748233923925,-0.8650954910579337,1.288381461871857,0.1332971568507247,-1.1754794187353077,0.3696528719037709,-0.9592806506667826,-1.307816314363863,-1.4758868918241712,-1.2028845026325068,0.4310169358067129,-0.8558524572093732,0.3348135733935752,"$70,000 - $90,000",Marketing Data Analyst,Bachelor's degree in Marketing or Statistics. Familiarity with data visualization tools like Tableau and Power BI.,79998.75804412516
7,0.6091105677648412,1.6701893358477853,-0.5113744990782719,0.2767125863963459,-0.3499589755269602,-2.276379448324046,1.1224825725102237,-0.0639424492814829,-1.8629182606259664,1.139315701066327,-0.6154197753698694,0.4362039559197235,-2.004722254301467,2.02932749613402,-0.1266210152403217,2.184701632400967,1.913904966540392,-0.652269452135211,3.162442059800333,-1.5569044326331616,1.6224905427589145,"$105,000 - $125,000",Healthcare Data Analyst,"Master's degree in Health Informatics. Required skills: Python, SQL, Excel. Preferred: R, Tableau.",114998.97502633402
4,-0.5870686680955839,0.1376849225111586,0.3060218685544982,-0.5357915641876755,1.526389349950788,2.543318627114248,-0.6077874636220907,-0.9458873076352572,0.8194859303196409,-1.3991532011720234,-0.6506580131723059,0.2307108844394143,-0.6276985717779212,-0.3985405105209625,2.083994749284938,0.5222175536950899,2.721300730191557,0.170961707541455,1.086543908623444,0.1019271294846711,-0.5187033748188198,"$65,000 - $80,000",Junior Data Analyst,"Bachelor’s degree or certification in analytics. Experience with Python, Excel, and Power BI.",72499.56875643607
7,-0.1818088379048993,0.5798422321008467,-1.548296366191348,-0.1613278315605955,0.3404326383587902,0.144121246836792,-0.3757481701018484,-0.7022936955975198,1.051921398865972,1.6801559706471156,0.121335819918252,0.3595222588371684,-0.6976388204219339,1.3091289009977445,0.7560237355151629,0.5387321726986588,2.0007617814157417,-1.3319394002581542,1.1984614622333989,1.5423732167590238,0.85832891935996,"$105,000 - $125,000",Healthcare Data Analyst,"Master's degree in Health Informatics. Required skills: Python, SQL, Excel. Preferred: R, Tableau.",114999.93224041793
